DATE,QUANTITY,PRODUCT NAME,PRICE PER UNIT,TOTAL,PAYMENT METHOD
6/21/2025,1,CHAIN LOCK,25,25,CASH
6/21/2025,1,T-CABLE,140,140,CASH
6/21/2025,1,BRAKE PAD,180,180,CASH
6/21/2025,1,BELT (B65-E741),650,650,CASH
6/21/2025,2,SEAT COVER,300,600,CASH
6/21/2025,1,5A MOTOLITE,785,785,CASH
6/21/2025,1,SEALANT,100,100,CASH
6/21/2025,1,3 WAY switch,220,220,CASH
6/21/2025,1,SPRING,40,40,CASH
6/21/2025,1,BULB,30,30,CASH
6/21/2025,1,5A THAIWORKZ,500,500,CASH
6/21/2025,2,BEARING,80,160,CASH
6/21/2025,2,TUBELESS VALVE,50,100,CASH
6/21/2025,1,100/80-17 TUBELESS,1800,1800,CASH
6/21/2025,1,STARTER SWITCH,40,40,CASH
6/21/2025,1,BRAKE PADS(ORIG),550,550,CASH
6/21/2025,1,FOOTREST RS 150,350,350,CASH
6/21/2025,1,AIR FILTER,315,315,CASH
6/21/2025,3,GREASE,10,30,CASH
6/21/2025,4,RUG,10,40,CASH
6/21/2025,3,AT FULLY 800ML,260,780,CASH
6/21/2025,1,PULLEY BALL HIRC,335,335,CASH
6/21/2025,1,BRAKE SHOE HIRC,1100,1100,CASH
6/21/2025,2,CENTER SPRING HIRC,310,620,CASH
6/21/2025,1,OIL SEAL,100,100,CASH
6/21/2025,1,PULLEY BALL,250,250,CASH
6/21/2025,1,GEAR OIL FULLY,95,95,CASH
6/21/2025,1,AIR FILTER,350,350,CASH
6/21/2025,1,SHELL AX7 1L,355,355,CASH
6/21/2025,1,ENGINE LOCK,20,20,CASH
6/21/2025,1,SPROCKET SET STX,640,640,CASH
6/21/2025,1,CASTROL 1L GOLD,360,360,CASH
6/21/2025,1,GEAR OIL FULLY,95,95,CASH
6/21/2025,3,CABLE TIE,15,45,CASH
6/21/2025,1,CLUTCH MAPZONE ASSY,420,420,CASH
6/21/2025,1,FOOTREST XRM,150,150,CASH
6/21/2025,1,BRAKE FLUID,70,70,CASH
6/21/2025,1,HAND GRIP,250,250,CASH
6/21/2025,1,SPROCKET SET XRM FI,870,870,CASH
6/21/2025,1,SPROCKET,230,230,
6/21/2025,1,ELECTRICAL TAPE,30,30,
6/21/2025,1,WIRE,40,40,
6/21/2025,1,SEAT COVER,300,300,
6/21/2025,1,AT MULTI 800,215,215,
6/21/2025,1,GEAR OIL MULTI,65,65,
6/21/2025,1,BOLT,100,100,
6/22/2025,6,FUSE,10,60,
6/22/2025,1,ENGINE SPROCKET,80,80,
6/22/2025,1,SEAT COVER,220,220,
6/22/2025,1,HAND GRIP,300,300,
6/22/2025,1,LED BULB,150,150,
6/22/2025,1,SIDE STAND,200,200,
6/22/2025,1,SEAT COVER,200,200,
6/22/2025,1,FULLY 800ML,255,255,
6/22/2025,1,FUEL HOSE,40,40,
6/22/2025,1,PLATE HOLDER,150,150,
6/22/2025,1,BOLT,150,150,
6/22/2025,1,ELECTRICAL TAPE,30,30,
6/22/2025,1,BOLT,50,50,
6/22/2025,1,WIRE,200,200,
6/22/2025,2,SPARK PLUG,220,440,
6/22/2025,1,ELECTRICAL TAPE,42,42,
6/22/2025,2,LED BULB,250,500,
6/22/2025,1,BOLT PLATE,10,10,
6/22/2025,1,ALLEN BOLT W/ DESIGN,40,40,
6/22/2025,1,WASHER 6MM,4,4,
6/22/2025,1,80/80-17 TUBELESS TIRE,1150,1150,
6/22/2025,1,SEALANT,120,120,
6/22/2025,1,5A THAIWORKZ,500,500,
6/22/2025,1,LED BULB W/ BLOWER,500,500,
6/22/2025,1,SPARK PLUG,80,80,
6/22/2025,1,RUBBER DAMPER ,120,120,Cash
6/22/2025,1,GREASE,10,10,Cash
6/22/2025,1,CHAIN  ,280,280,Cash
6/22/2025,1,BEARING,80,80,
6/22/2025,8,ALLEN BOLTS,3,35,
6/22/2025,1,4T MULTI 800ML,205,205,
6/22/2025,1,BREAK SHOE,220,220,
6/22/2025,1,SPROCKET,230,230,
6/22/2025,1,FOOTREST,150,150,
6/22/2025,1,AT FULLLY SYNTHETIC,200,200,
6/22/2025,1,GEAR OIL FULLY SYNTHETIC,95,95,
6/22/2025,2,GRASA,10,20,
6/22/2025,2,PLATE BOLT,10,20,
6/22/2025,1,BRAKE SHOE  ,150,150,
6/22/2025,1,SEAT COVER ,250,250,
6/22/2025,10,CABLE TIE ,5,50,
6/22/2025,1,ELECTRICAL TAPE ,30,30,
6/22/2025,4,FUSE,5,20,
6/22/2025,1,GASKET ALL,100,100,
6/22/2025,2,PLAETE BOLTS,10,20,
6/22/2025,1,BRAKE PAD,370,370,
6/22/2025,3,PLATE BOLT,10,30,
6/22/2025,1,DISC PLATE TRINITY,600,600,
6/22/2025,2,WAHSER,2,4,
6/22/2025,2,PLATE BOLT,10,20,
6/22/2025,2,BEARING 6201,80,160,
6/22/2025,1,BULB,30,30,
6/22/2025,1,TUBE 275 - 17,180,180,
6/22/2025,1,Silvestre AT Fully 800ml,260,260,
6/22/2025,2,MUITI 800ML,205,410,
6/22/2025,1,BRAKE FLUID,70,70,
6/22/2025,1,BULB,30,30,
6/22/2025,1,FORK OIL,80,80,
6/22/2025,1,BREAK CABLE TMX,140,140,
6/22/2025,2,WASHER 6MM,7,14,
6/22/2025,1,BORE KIT WAVE 125,1500,1500,
6/22/2025,1,BRAKE PAD,150,150,
6/22/2025,1,BOLT,30,30,
6/22/2025,1,FOOTREST XRM,150,150,
6/22/2025,5,WIRE,30,150,
6/22/2025,1,300 - 14 TUBE,170,170,
6/22/2025,1,PULLEY DRIVE,520,520,
6/22/2025,1,PULLEY BALL HIRC,335,335,
6/22/2025,3,SLIDER PIECE,80,240,
6/22/2025,1,225 - 17 TUBE,160,160,
6/22/2025,1,80/80 -17 TUBELESS,1050,1050,
6/22/2025,1,BRAKE FLUID,70,70,
6/22/2025,1,GRASA,20,20,
6/22/2025,1,SEALANT,120,120,
6/22/2025,1,BRAKE PAD,390,390,
6/22/2025,1,FULLY SYNTHETIC OIL ,280,280,
6/22/2025,1,OIL FILTER,50,50,
6/22/2025,1,AT FULLY SYNTHETIC 800ML,260,260,
6/22/2025,1,GEAR OIL,95,95,
6/22/2025,1,250 - 17 TUBE,170,170,
6/23/2025,1,215 - 17 TUBE,170,170,
6/23/2025,1,FULLY SYNTHETIC OIL ,280,280,
6/23/2025,4,CABLE TIE,10,40,
6/23/2025,1,THROTLE CABLE,150,150,
6/23/2025,1,110/70 -14 TUBELESS,1450,1450,
6/23/2025,1,TIRQUE DRIVE BEARING SPORTY,350,450,
6/23/2025,1,90/80 - 17 TUBELESS,1200,1200,
6/23/2025,1,BRAKE SHOE,150,150,
6/23/2025,1,SPARK PLUG BOSCH,180,180,
6/23/2025,1,BOLT,40,40,
6/23/2025,1,225 - 17 TUBE,160,160,
6/23/2025,1,SEALANT,120,120,
6/23/2025,1,BOLT,50,50,
6/23/2025,1,SHOCK ASSY FRONT WAVE,1200,1200,
6/23/2025,1,GREASE,30,30,
6/23/2025,1,REAPAIR KIT,150,150,
6/23/2025,1,BOLT 8 X 100,40,40,
6/23/2025,1,BOLT 8 X 80,35,35,
6/23/2025,1,80/90 -17 TUBELESS W/ SEALANT,1150,1150,
6/23/2025,1,TIRE VALVE ,50,50,
6/23/2025,1,BRAKE SWITCH,70,70,
6/23/2025,2,BEARING 6300,80,160,
6/23/2025,1,MUSHROOM INTAKE BIG,230,230,
6/23/2025,1,MUSHROOM BREATHER ,200,200,
6/23/2025,1,THROTTLE CABLE CB110,150,150,
6/23/2025,1,PULLEY BALL HIRC,300,300,
6/23/2025,1,CLUTCH CABLE FZ 160,170,170,
6/23/2025,1,LED BULB,250,250,
6/23/2025,1,70/80 - 17 TUBLESS,920,920,
6/23/2025,1,FORK OIL ,80,80,
6/23/2025,2,OIL SEAL,80,160,
6/23/2025,1,BRAKE FLUID,70,70,
6/23/2025,1,BOLT,26,26,
6/23/2025,2,BULB,35,70,
6/23/2025,1,PULLEY BALL,250,250,
6/23/2025,3,CABLE TIE,5,35,
6/23/2025,1,CVT,220,220,
6/23/2025,1,GREASE,30,30,
6/23/2025,1,SHELL AX7 1L,220,220,
6/23/2025,1,OIL FILTER,50,50,
6/23/2025,1,ENGINE SPROCKET,80,80,
6/23/2025,1,BRAKE FLUID,70,70,
6/23/2025,1,80/80 - 17 TUBELESS,1000,1000,
6/23/2025,1,250 - 17 TUBE,170,170,
6/23/2025,1,TAIL LIGHT BULB LED,150,150,
6/23/2025,1,HEAD LIGHT BULB LED,280,280,
6/23/2025,1,FUSE,10,10,
6/23/2025,1,ELECTRICAL TAPE,30,30,
6/23/2025,1,BRAKE SWITCH,40,40,
6/23/2025,1,HORN,160,160,
6/23/2025,1,5A THAIWORKS,550,550,
6/23/2025,1,HANDLE SWITCH,250,250,
6/23/2025,1,WIRE,60,60,
6/24/2025,1,4L THAIWORKS,400,400,
6/24/2025,1,SPARK PLUG BOSCH,150,150,
6/24/2025,1,SIDE MIRROR,250,250,
6/24/2025,1,FLASHING SWITCH,70,70,
6/24/2025,1,PULLEY 800,250,250,
6/24/2025,2,ALLEN BOLT  ,10,20,
6/24/2025,1,LED LIGHT,280,280,
6/24/2025,1,SIDE MIRROR,250,250,
6/24/2025,1,BOLT,30,30,
6/24/2025,1,EXHAUST GASKET,20,20,
6/24/2025,1,CVT,220,220,
6/24/2025,1,BRAKE PAD,120,120,
6/24/2025,1,HIGH TEMP GREASE,30,30,
6/24/2025,1,BOLT ,100,100,
6/24/2025,1,SPROCKET VEGA FORCE,200,200,
6/24/2025,2,OIL SEAL CT100,100,200,
6/24/2025,1,BRAKE PAD,200,200,
6/24/2025,1,BULB,200,200,
6/24/2025,1,IGNITION SWITCH RAIDER 150,400,400,
6/24/2025,1,CASTROL POWER 800ML,315,315,
6/24/2025,1,FULLY SYNTHETIC OIL 800ML,250,250,
6/24/2025,1,CVT,200,200,
6/24/2025,1,BALL RACE SMASH,250,250,
6/24/2025,1,HAND SWITCH XRM,120,120,
6/24/2025,1,AT FULLY SYTHETIC 800ML,260,260,
6/24/2025,2,LIGHTS,30,60,
6/24/2025,2,BEARING,80,160,
6/24/2025,1,SPRING,40,40,
6/24/2025,1,GREASE,10,10,
6/24/2025,1,5L BATTERY,570,570,
6/24/2025,1,CLUTCH CABLE  ,140,140,
6/25/2025,1,FULLY SYNTHETIC 1L,250,250,
6/25/2025,1,WAX,150,150,
6/25/2025,2,BOLT,40,80,
6/25/2025,1,Silvestre AT Fully 800ml,260,260,
6/25/2025,1,CVT,14,14,
6/25/2025,1,SIGNAL LIGHT ASSY,150,150,
6/25/2025,1,TUBE 275-17,180,180,
6/25/2025,3,SLIDER ORIG,65,195,
6/25/2025,1,SIDE MIRROR HOLDER,120,120,
6/25/2025,4,TERMINAL CABLE,10,40,
6/25/2025,1,WIRE,40,40,
6/25/2025,1,SAMURAI SPRAY PAINT,250,250,
6/25/2025,1,WAX,150,150,
6/25/2025,1,SEAT COVER,250,250,
6/25/2025,1,FUSE,10,10,
6/25/2025,1,CHAIN ADJUSTER,50,50,
6/25/2025,1,SHOE (ORIG) 2PH-CNEGGZ,1080,1080,
6/25/2025,1,BELT 2PH-E7641,560,560,
6/25/2025,1,3 WAY SWITCH switch,250,250,
6/25/2025,6,TERMINAL CABLE,10,60,
6/25/2025,1,ELECTRICAL TAPE,30,30,
6/25/2025,1,WIRE,40,40,
6/25/2025,2,FULLY 800ML,255,510,
6/25/2025,4,BRAKE FLUID,70,280,
6/25/2025,1,BRAKE PAD,150,150,
6/25/2025,1,BRAKE PAD,120,120,
6/25/2025,1,250-14 TUBE,250,250,
6/25/2025,1,FOOTREST XRM,140,140,
6/25/2025,1,BOLT,58,58,
6/25/2025,1,FULLY 1L,280,280,
6/25/2025,2,GRASA,30,60,
6/25/2025,1,70/80-17 TIRE,500,500,
6/25/2025,1,200-17 TUBE,150,300,
6/25/2025,2,OIL FILTER,50,50,
6/25/2025,1,CLUTCH LINING ORIG,1190,1190,
6/25/2025,1,MULTI 1L,230,230,
6/25/2025,1,ENGINE SPROCKET,80,80,
6/25/2025,1,SPROCKET,230,230,
6/25/2025,1,GASKET ALL,100,100,
6/26/2025,1,BRAKE PAD,120,120,
6/26/2025,1,IGNITION SWITCH SMASH,300,300,
6/26/2025,1,BRAKE PAD,200,200,
6/26/2025,4,BEARING 6301,75,300,
6/26/2025,2,BEARING 6302,75,150,
6/26/2025,1,BRAKE PAD,100,100,
6/26/2025,2,CLIP,10,20,
6/26/2025,1,WAX,150,150,
6/26/2025,1,BRAKE PAD,100,100,
6/26/2025,1,CHAIN LUBE,150,150,
6/26/2025,1,SAE 401L,200,200,
6/26/2025,1,BOLT,40,40,
6/26/2025,1,AXLE,120,120,
6/26/2025,1,WASHER,14,14,
6/26/2025,1,BUILT AND NUT,30,30,
6/26/2025,1,FULLY 800ML,255,255,
6/26/2025,1,INTERAPTOR RELAY,1000,1000,
6/26/2025,1,BOLT,60,60,
6/26/2025,1,AT FULLY 1L,290,290,
6/26/2025,1,GEAR OIL FULLY,95,95,
6/26/2025,1,TUBE 200-17,150,150,
6/26/2025,1,BRAKE CALIPER,550,550,
6/26/2025,1,BRAKE FLUID,70,70,
6/27/2025,1,CLUTCH CABLE XRM,150,150,
6/27/2025,1,WAX,150,150,
6/27/2025,1,FULLY 1ML,280,280,
6/27/2025,1,250-17 TIRE,530,530,
6/27/2025,1,TENSIONER,300,300,
6/27/2025,1,WIRE 1/2,45,45,
6/27/2025,1,HIRC SUPER PIECE NMAX STOCK,150,150,
6/27/2025,1,SPARK PLUG ,80,80,
6/27/2025,1,GRASA,30,30,
6/27/2025,1,FUEL HOSE 1METER,40,40,
6/27/2025,1,CARBON BRUSH,240,240,
6/27/2025,2,WIRE,30,60,
6/27/2025,1,SEALANT,120,120,
6/27/2025,1,GOLD BOLT,30,210,
6/27/2025,1,CABLE WAVE 100,155,155,
6/27/2025,1,SPROCKET SET DREAM,650,155,
6/27/2025,4,BOLT 8X35,12,48,
6/27/2025,1,NUT,5,48,
6/27/2025,4,NUT,5,20,
6/27/2025,1,BRAKE PAD,200,200,
6/27/2025,2,SHELL ADVANCE,355,710,
6/27/2025,1,GEAR OIL FULLY,95,95,
6/27/2025,1,CLUTCH SPRING,175,175,
6/27/2025,1,CENTER SPRING,75,75,
6/27/2025,1,GENTER SPRING,310,310,
6/27/2025,1,FLYBALL,335,335,
6/27/2025,1,HELMET HOOK,180,180,
6/27/2025,1,LED LIGHT,150,150,
6/27/2025,1,COOLANT,120,120,
6/27/2025,2,ALLEN BOLT  ,20,40,
6/27/2025,1,ANTI RUST,150,150,
6/27/2025,1,BRAKE SHOE SMASH,150,150,
6/27/2025,1,CASTROL GOLD,315,315,
6/27/2025,2,RUG,10,20,
6/27/2025,1,AT MULTI 800ML,115,215,
6/27/2025,1,BRAKE SHOE N=GENUINE,380,380,
6/27/2025,1,COOLANT ML1,200,200,
6/27/2025,1,SPARK PLUG,180,180,
6/27/2025,1,FUEL FILTER,120,120,
6/27/2025,1,CASTROL 1L,360,50,
6/27/2025,1,OIL FILTER,50,50,
6/28/2025,1,SPROCKET RS100 42T,250,250,
6/28/2025,2,WIRE,40,80,
6/28/2025,1,SEALANT,80,80,
6/28/2025,1,CLUTCH HOUSING R150,200,200,
6/28/2025,2,HIRC PULLEY BALL,620,620,
6/28/2025,2,BEARING,80,160,
6/28/2025,1,GREASE HIGH TEMP,30,30,
6/28/2025,1,SIDE STAND,220,220,
6/28/2025,1,SPRING,50,50,
6/28/2025,1,BOLT,20,20,
6/28/2025,1,BOLT,50,50,
6/28/2025,1,SEAT COVER,300,300,
6/28/2025,1,90190-14 TUBELESS TIRE,1150,1150,
6/28/2025,1,AT FULLY 900,275,275,
6/28/2025,6,TERMINAL CABLE,10,60,
6/28/2025,1,TERMINAL SOCKET,60,60,
6/28/2025,1,ELECTRICAL TAPE,30,30,
6/28/2025,1,BOLT,40,40,
6/28/2025,1,BRAKE FLUID,70,70,
6/28/2025,1,MASTER KIT,120,120,
6/28/2025,1,SAE 40 1L,200,200,
6/28/2025,1,SPRAY PAINT,150,150,
6/28/2025,1,MDL,1000,1000,
6/28/2025,1,BAR,100,100,
6/28/2025,1,ELECTRICAL TAPE,30,30,
6/28/2025,1,3 WAY,250,250,
6/28/2025,1,MDL,580,580,
6/28/2025,1,3 WAY,150,150,
6/28/2025,1,AT FULLY 800,260,260,
6/28/2025,1,GEAR OIL FULLY,95,95,
6/28/2025,1,SHELL SCOOTER OIL 800,300,300,
6/28/2025,10,CABLE TIE,5,50,
6/28/2025,1,OIL FILTER,50,50,
6/28/2025,1,NUT,50,50,
6/28/2025,1,BOLT,140,140,
6/28/2025,1,BRAKE FLUID,70,70,
6/28/2025,4,BOLT10X30,15,60,
6/28/2025,1,OIL FILTER YAMAHA,50,50,
6/28/2025,1,TUBE 3.00-17,180,180,
6/28/2025,1,SEAT COVER,300,300,
6/28/2025,1,FUEL PUMP SPRING,200,200,
6/28/2025,2,BEARING,80,160,
6/28/2025,2,BOLT 8X20,8,16,
6/29/2025,1,FULLY 1L,280,280,
6/29/2025,1,OIL FILTER,50,50,
6/29/2025,2,250-17 TUBE,170,340,
6/29/2025,1,GRASA,10,10,
6/29/2025,1,PULLEY SET NMAX HIRC,2040,2040,
6/29/2025,3,BEARING,90,270,
6/29/2025,1,SPROCKET SET XRM 38,580,580,
6/29/2025,1,5L THAIWORKS,570,570,
6/29/2025,1,FUSE BOX,50,50,
6/29/2025,1,SIDE MIRROR,250,250,
6/29/2025,1,CLUTCH TABLE,140,140,
6/29/2025,1,BRAKE FLUID,70,70,
6/29/2025,1,H-TEMP,30,30,
6/29/2025,1,SEAT COVER,300,300,
6/29/2025,1,SPROCKET,200,200,
6/29/2025,1,4L BATTERY,450,450,
6/29/2025,8,FUSE,10,80,
6/29/2025,1,SPRING,40,40,
6/29/2025,1,ELECTRICAL TAPE,30,30,
6/29/2025,1,BRAKE SHOE XRM,150,150,
6/29/2025,1,STARTER SWITCH,50,50,
6/29/2025,1,CHAIN 420,290,290,
6/29/2025,1,CLUTCH CABLE,150,150,
6/29/2025,2,BOLT PLATE,20,40,
6/29/2025,2,WASHER,4,8,
6/29/2025,3,FUSE BOX,20,60,
6/29/2025,3,WIRE,40,120,
6/29/2025,1,3 WAY,230,230,
6/29/2025,1,RELAT SET,140,140,
6/29/2025,1,BRAKE PAD,120,120,
6/29/2025,1,HAND GRIP,220,220,
6/29/2025,1,HAWK,150,150,
6/29/2025,1,AXLE,100,100,
6/29/2025,1,CHAIN ADJUSTER,70,70,
6/29/2025,2,WIRE 2M,40,80,
6/29/2025,1,SWITCH,50,50,
6/29/2025,2,BRAKE FLUID,70,140,
6/29/2025,1,BOLT,30,30,
6/29/2025,1,SPRAY,20,20,
6/29/2025,1,275-17 TUBE,180,180,
6/29/2025,1,T CABLE SMASH,150,150,
6/29/2025,5,ELECTRICAL TAPE,30,150,
6/29/2025,1,WIRE,30,30,
6/29/2025,1,CABLE TIE,95,95,
6/29/2025,1,T CABLE    ,10,10,
6/29/2025,1,BRAKE CABLE,150,150,
6/29/2025,2,BOLT PLATE,20,40,
6/29/2025,3,6301,80,240,
6/29/2025,2,CUP,20,40,
6/29/2025,1,XTREME BATTERY 6A,780,780,
6/29/2025,1,TUBE 200-17,150,150,
6/29/2025,2,CABLE TIE,5,10,
6/29/2025,1,LEHA,30,30,
6/29/2025,1,PLATE BOLT,20,20,
6/29/2025,1,CHAIN 428H-130L,320,320,
6/29/2025,1,ENGINE SPROCKET,100,100,
6/29/2025,1,SPROCKET LOCK,20,20,
6/29/2025,1,CASTROL 800ML,315,315,
6/29/2025,1,SPARK PLUG,180,180,
6/29/2025,5,CABLE TIE,5,25,
6/29/2025,1,CVT,200,200,
6/29/2025,1,TRAPO,10,10,
6/29/2025,1,H-TEMP,30,30,
6/29/2025,1,BRAKE FLUID,70,70,
6/30/2025,1,CHAIN 428   ,320,320,
6/30/2025,1,FUEL HOSE 2/3,30,30,
6/30/2025,1,FUEL FILTER,50,50,
6/30/2025,1,COOLANT 500ML,120,120,
6/30/2025,1,FULLY 1L,280,280,
6/30/2025,1,BEARING,80,80,
6/30/2025,1,PULLEY BALL BEAT FI HIRC,300,300,
6/30/2025,1,HANDGRIP,210,210,
6/30/2025,1,BOLT,35,35,
6/30/2025,1,SEAT COVER,220,220,
6/30/2025,1,4L BATTERY,450,450,
6/30/2025,1,SIDE MIRROR,230,230,
6/30/2025,1,FULLY 1L,280,280,
6/30/2025,1,FORK OIL,80,80,
6/30/2025,2,G-CASTROL 800ML,315,630,
6/30/2025,1,SAE 40 1L,200,200,
6/30/2025,1,225-17 TIRE,480,480,
6/30/2025,1,225-17 TUBE,160,160,
6/30/2025,1,BRAKE SHOE,150,150,
6/30/2025,3,BUSHING,50,150,
6/30/2025,1,BOLT,50,50,
6/30/2025,1,AXLE,120,120,
6/30/2025,1,BRAKE PAD,180,180,
6/30/2025,1,CASTRO 800ML GOLD,315,315,
6/30/2025,1,BRAKE PAD SILVESTRE,200,200,
6/30/2025,1,70/80-17 TIRE,500,500,
6/30/2025,1,225-17 TUBE,160,160,
6/30/2025,1,BOLT,15,15,
6/30/2025,5,CHOW LOCK,25,125,
6/30/2025,1,CHAIN LUBE,150,150,
6/30/2025,1,TUBE 2.25-17,160,160,
6/30/2025,1,GEAR PEDAL XRM125,200,200,
6/30/2025,1,80/90-17 TUBELESS,1150,1150,
6/30/2025,1,OIL FILTER,50,50,
6/30/2025,1,FULL 1L,280,280,
6/30/2025,1,TUBE 250-17,170,170,
6/30/2025,1,TRAPO,20,20,
6/30/2025,1,LEHA,30,30,
6/30/2025,1,BOREKIT,1800,1800,
6/30/2025,2,VALVE SEAL,120,240,
6/30/2025,1,ATFULLY 80,260,260,
6/30/2025,1,30,30,30,
6/30/2025,1,CVT,220,220,
6/30/2025,1,BRAKE SHOE,180,180,
7/1/2025,1,CHAIN ADJUSTER,120,120,
7/1/2025,1,250-17 TUBE,170,170,
7/1/2025,1,SEAT COVER,250,250,
7/1/2025,1,AT FULLY 800ML,260,260,
7/1/2025,1,HUB DUMPER SNIPER,150,150,
7/1/2025,2,CABLE TIE,10,20,
7/1/2025,1,FUSEBOX,70,70,
7/1/2025,2,CABLE TIE,5,10,
7/1/2025,1,WD40,220,220,
7/1/2025,1,BASE GASKET SNIPER (ORIG),110,110,
7/1/2025,1,TOP GASKET 5150 (ORIG),200,200,
7/1/2025,3,TERMINAL HORN,10,30,
7/1/2025,1,5L THAIWORKZ,600,600,
7/1/2025,1,GASKET ALL,100,100,
7/1/2025,1,SPROCKET,220,220,
7/1/2025,1,ENGINE SPROCKET,100,100,
7/1/2025,1,CHAIN,300,300,
7/1/2025,1,BRAKE PAD,120,120,
7/1/2025,1,NGK LONG,180,180,
7/1/2025,1,INSULATOR,20,20,
7/1/2025,1,FUEL FILTER,30,30,
7/1/2025,1,LED ,270,270,
7/1/2025,1,WIRE,40,40,
7/1/2025,1,ELECTRICAL TAPE,30,30,
7/1/2025,1,HALD SWITCH,190,190,
7/1/2025,1,FLASHER RELAY,90,90,
7/1/2025,1,CLIP NUT,110,110,
7/1/2025,3,WIRE 3M,40,120,
7/1/2025,1,SPOKE 9X184,200,200,
7/1/2025,1,80-90-14 LEO,570,570,
7/1/2025,1,SEALANT,120,120,
7/1/2025,1,TUBE 275-17,180,180,
7/1/2025,2,ELECTRICAL TAPE,30,60,
7/1/2025,1,HAND ANIS,200,200,
7/1/2025,1,BULB,30,30,
7/1/2025,1,HOSE 1M,40,40,
7/1/2025,1,LIGHT,30,30,
7/1/2025,1,PLATE BOLT,20,20,
7/1/2025,1,WASHER,16,16,
7/1/2025,1,NUT,5,5,
7/1/2025,1,CLIP NUT,40,40,
7/1/2025,1,EXTENSION,30,30,
7/1/2025,1,CLUTCH CABLE CR100,155,155,
7/1/2025,2,SEALANT,120,140,
7/1/2025,1,HORN SWITCH,50,50,
7/1/2025,1,BRAKE PAD (ORIG),360,360,
7/1/2025,1,AT FULLY 800ML,260,260,
7/1/2025,1,BRAKE PAD,100,100,
7/1/2025,1,AUB DUMPER,100,100,
7/1/2025,1,BEARING,75,150,
7/1/2025,1,SPEEDER,90,90,
7/1/2025,1,SPROCKET,220,220,
7/1/2025,1,SEAT COVER,250,250,
7/1/2025,1,CHAIN 130L,320,320,
7/1/2025,1,TRAPO,10,10,
7/1/2025,1,CVT,220,220,
7/1/2025,1,HIGH TEMP,30,30,
7/1/2025,1,CENTER SPRING HIRC,310,310,
7/1/2025,1,CLUTCH SPRING HIRC,175,175,
7/1/2025,1,PULLEY BALL HIRC,335,335,
7/1/2025,1,BRAKE SHOE (ORIG),350,350,
7/1/2025,1,AIR FILTER (ORIG),330,330,
7/1/2025,1,SLIDER HIRC,150,150,
7/1/2025,1,LED TIRE 2.25-17,480,480,
7/1/2025,1,LED TUBE 2.00-17,150,150,
7/1/2025,1,90/90-14 TUBELESS,1150,1150,
7/1/2025,1,SPROCKET SET MUTARRU,1200,1200,
7/1/2025,1,BRAKE PAD,150,150,
7/1/2025,1,DISC BRAKE (ORIG),1000,1000,
7/1/2025,1,BOLT,100,100,
7/2/2025,1,MULTI 1L,230,230,
7/2/2025,1,SEAT COVER,250,250,
7/2/2025,1,AT FULLY 800ML,330,330,
7/2/2025,1,GEAR OIL FULLY,330,330,
7/2/2025,1,350-17 TUBE,200,200,
7/2/2025,1,SEALANT,120,120,
7/2/2025,1,CLUTCH DUMPER,150,150,
7/2/2025,1,CENTER SPRING HIRC,310,310,
7/2/2025,1,BRAKE PAD,150,150,
7/2/2025,4,BOLT,15,60,
7/2/2025,4,WASHER,2,8,
7/2/2025,4,NUT,5,20,
7/2/2025,1,STAPLES,20,20,
7/2/2025,1,SET COVER,300,300,
7/2/2025,1,SPARK PLUG,180,180,
7/2/2025,1,CLUTCH CABLE SNIPER 150,150,150,
7/2/2025,1,HANDLE SWITCH,450,450,
7/2/2025,1,THROTTLE CABLE,150,150,
7/2/2025,1,CABLE TIE,10,20,
7/2/2025,1,IGNITION SWITCH,180,180,
7/2/2025,8,CABLE TIE,5,40,
7/2/2025,1,ELECTRICAL TAPE,30,30,
7/2/2025,1,PEANUT BULB,10,10,
7/2/2025,1,PEANUT SOCKET,50,50,
7/2/2025,1,H4,100,100,
7/2/2025,1,BRAKE LIGHT,30,30,
7/2/2025,1,ELECTRICAL TAPE,120,120,
7/2/2025,1,ELECTRICAL TAPE,30,30,
7/2/2025,1,PLATE BOLT,10,10,
7/2/2025,1,SIGNAL LIGHTS,20,20,
7/2/2025,1,BRAKE PAD,120,120,
7/2/2025,1,WD40,220,220,
7/2/2025,1,BOLT,10,10,
7/2/2025,1,SET COVER,220,220,
7/2/2025,1,SEALANT,120,120,
7/2/2025,1,MANIFOLD,200,200,
7/2/2025,1,TERMINAL CABLE,10,10,
7/2/2025,1,SPROCKET SET  ,600,600,
7/2/2025,1,TRAPO,10,10,
7/2/2025,1,HIGH TEMP,30,30,
7/2/2025,1,6201,80,80,
7/2/2025,1,6301,80,80,
7/2/2025,1,BRAKE PAD (ORIG),370,370,
7/2/2025,1,BRAKE FLUID,70,70,
7/2/2025,1,TUBE 275-14,160,160,
7/2/2025,1,HOSE 1M,40,40,
7/3/2025,1,SPROCKET TMX 48T,250,250,
7/3/2025,1,CLUTCH CABLE TMX,150,150,
7/3/2025,1,ADAPTOR,30,30,
7/3/2025,2,WIRE,30,60,
7/3/2025,1,CASTROL GOLD 1L,360,360,
7/3/2025,1,LED TUBE 2.50-17,170,170,
7/3/2025,1,SIGNAL LIGHT ASSEMBLY,150,150,
7/3/2025,1,BRACKET,100,100,
7/3/2025,1,BRAKE SHOE,300,300,
7/3/2025,1,SEAT COVER,250,250,
7/3/2025,1,HANDLE GRIP,220,220,
7/3/2025,1,100/80-14 TUBELESS,1200,1200,
7/3/2025,1,TUBELESS VALVE,40,40,
7/3/2025,1,AT FULLY 800ML,260,260,
7/3/2025,1,GEAR OIL FULLY,95,95,
7/3/2025,1,SEAT COVER,250,250,G-CASH
7/3/2025,1,AT FULLY 800ML,260,260,G-CASH
7/3/2025,2,SIGNAL LIGHT BULB,20,40,
7/3/2025,1,BOSCH SPARKPLUG,180,180,
7/3/2025,1,LED TIRE 3.00-17,790,790,
7/3/2025,1,LED TUBE 3.00-17,190,190,
7/3/2025,1,ARMOR ALL,150,150,
7/3/2025,1,FULLY 1L,280,280,
7/3/2025,1,OIL FILTER,50,50,
7/3/2025,1,THROTTLE CABLE R150 FI,150,150,
7/3/2025,1,SET COVER,300,300,
7/3/2025,2,SEALANT,120,240,
7/3/2025,2,TUBELESS VALVE,40,80,
7/3/2025,1,SPRING,20,20,
7/3/2025,1,250-17 TIRE,530,530,G-CASH
7/3/2025,1,250-17 TUBE,170,170,G-CASH
7/3/2025,1,BORE KIT MIO SPORTY,1500,1500,
7/3/2025,1,VALVE SEAL,60,60,
7/3/2025,1,MULTI 800,200,200,
7/3/2025,1,250-17 TUBE,170,170,
7/4/2025,1,AT FULLY 800ML,260,260,
7/4/2025,1,CLUCTH LEVER UNIVERSAL,200,200,
7/4/2025,2,FULLY 80,255,510,
7/4/2025,1,OIL FILTER,50,50,
7/4/2025,1,4L THAIWORKZ,450,450,
7/4/2025,1,CLUCTH CABLE,140,140,
7/4/2025,1,MULTI 1L,230,230,
7/4/2025,1,BOSHING,120,120,
7/4/2025,1,GASKET ALL,100,100,
7/4/2025,1,SEAT COVER,300,300,
7/4/2025,2,SEALANT,120,240,
7/4/2025,5,BEARING,75,375,
7/4/2025,1,275-17 TUBE,180,180,
7/4/2025,1,SEALANT,120,120,
7/4/2025,1,AT 800ML,260,260,
7/4/2025,1,SIDE MIRROR,250,250,
7/4/2025,1,AT FULLY 1L,290,290,
7/4/2025,1,GEAR OIL  ,65,65,
7/4/2025,1,BEARING,80,80,
7/4/2025,1,DRAIN PLUG,80,80,
7/4/2025,2,BEARING,80,160,
7/4/2025,1,GEAR OIL FULLY,95,95,
7/4/2025,1,SEALANT,120,120,
7/4/2025,2,BEARING (ORIG),250,500,G-CASH
7/4/2025,1,HIGH TEMP,30,30,G-CASH
7/4/2025,1,YAMALUBE BLUE,360,360,
7/4/2025,1,GEAR OIL FULLY,95,95,
7/4/2025,1,MULTI 800,200,200,
7/4/2025,1,FUEL HOSE,20,20,
7/4/2025,1,BRAKE SHOE,220,220,
7/4/2025,1,SPRING,40,40,
7/4/2025,1,SPARK PLUG,40,40,
7/4/2025,1,BRAKE PAD,200,200,
7/4/2025,1,YAMALUBE 800,280,280,
7/4/2025,1,GEAR  OIL,65,65,
7/4/2025,2,PEANUT BULB,10,20,
7/4/2025,1,BREAK LIGHT BULB,30,30,
7/4/2025,1,THROTTLE CABLE CLICK 150,150,150,
7/4/2025,1,AT FULLY 800ML,260,260,
7/4/2025,1,SPARK PLUG NGK,180,180,
7/4/2025,1,4L MOTOLITE,750,750,
7/4/2025,1,SPRAY PAINT ,150,150,
7/4/2025,2,CVT SPRAY ,220,440,
7/4/2025,5,NUT,3,15,
7/4/2025,1,PYLOX,120,120,
7/4/2025,1,BULB,30,30,
7/4/2025,1,SPARKPLUG CAP,100,100,
7/4/2025,1,SPARKPLUG BOSCH,180,180,
7/4/2025,2,EXHAUST GASKET ,30,60,
7/4/2025,1,225-17 TIRE,480,480,
7/4/2025,1,225-17 TUBE,160,160,
7/5/2025,1,225–17 Tube,160,160,
7/5/2025,1,Spring,20,20,
7/5/2025,1,Brake Switch,40,40,
7/5/2025,1,Fuel Pump O-Ring,200,200,
7/5/2025,1,Oil Seal Pulley Side Belt,200,200,
7/5/2025,2,Chain Lock,25,50,
7/5/2025,1,Castrol 800ML,315,315,
7/5/2025,1,Chain Lock,25,25,
7/5/2025,1,WD-40,220,220,
7/5/2025,1,Bearing,260,260,
7/5/2025,1,Sprocket Set Smash,650,650,
7/5/2025,1,MDL,900,900,
7/5/2025,1,3-Way Switch,250,250,
7/5/2025,1,Bracket,150,150,
7/6/2025,1,PULLEY SET,"1,790","1,790",
7/6/2025,1,BELL (Clutch/Housing),"1,380","1,380",
7/6/2025,1,90/80-17 TUBELESS TIRE,"1,050","1,050",
7/6/2025,1,SPROCKET SET XRM FI,870,870,
7/6/2025,1,5L MOTOLITE BATTERY,785,785,
7/6/2025,1,BELT (B65-E741),650,650,
7/6/2025,3,BRAKE PAD,200,600,
7/6/2025,3,Side Mirror (Set),200,600,
7/6/2025,4,Clutch Cable,150,600,
7/6/2025,2,SEAT COVER,300,600,
7/6/2025,2,CASTROL ACTIV 800ML,240,480,
7/6/2025,5,Spark Plug (Standard),85,425,
7/6/2025,4,Speedo Cable,100,400,
7/6/2025,5,Handle Grip Set,80,400,
7/6/2025,1,CASTROL 1L GOLD,360,360,
7/6/2025,1,YAMALUBE BLUE CORE 1L,360,360,
7/6/2025,5,Brake Fluid,70,350,
7/6/2025,4,BEARING (6201/6301),80,320,
7/6/2025,5,Oil Filter,50,250,
7/6/2025,6,ELECTRICAL TAPE,30,180,
7/6/2025,6,HEADLIGHT BULB (Halogen),30,180,
7/6/2025,6,CHAIN LOCK,25,150,
7/6/2025,6,CABLE TIE (Pack),15,90,
7/6/2025,6,BOLT & NUT SET,10,65,
7/7/2025,1,90/90-14 TUBELESS TIRE,"1,150","1,150",
7/7/2025,1,300-17 TIRE,770,770,
7/7/2025,1,5L MOTOLITE BATTERY,785,785,
7/7/2025,1,Clutch Assembly,420,420,
7/7/2025,2,MULTI 800ML (Engine Oil),205,410,
7/7/2025,1,Seat Cover,250,250,
7/7/2025,1,Side Mirror,200,200,
7/7/2025,1,Clutch Cable,120,120,
7/7/2025,5,BOLT WITH CUP (M6/M8),20,100,
7/7/2025,5,BOLT CUP (Small),20,100,
7/7/2025,1,Speedo Cable,90,90,
7/7/2025,2,SOCKET (Light/Connector),30,60,
7/7/2025,1,Oil Filter,50,50,
7/7/2025,1,Gasket Maker,45,45,
7/7/2025,1,Flasher Relay,40,40,
7/7/2025,1,Headlight Bulb,30,30,
7/7/2025,1,Electrical Tape,30,30,
7/7/2025,1,Tire Valve,25,25,
7/7/2025,1,Spring (Small),15,15,
7/7/2025,1,Nut (Pack),10,10,
7/7/2025,1,Clutch Spring,170,170,
7/7/2025,1,CENTER SPRING,310,310,
7/7/2025,1,FLY BALL ,365,365,
7/7/2025,1,CLUTCH SHOE,1100,1100,
7/7/2025,1,GENUINE BRAKE PAD,550,550,
7/7/2025,1,TMX THROTTLE CABLE,140,140,
7/7/2025,1,SWitch,50,50,
7/7/2025,1,SANDPAPER,30,30,
7/7/2025,1,REPAIR KIT (Generic),120,120,
7/7/2025,1,RUG (Cleaning Cloth),30,30,
7/7/2025,1,GEAR OIL FULLY,95,95,
7/7/2025,1,AT FULLY 800ML (Oil),260,260,
7/7/2025,10,WASHER (Small),2,20,
7/7/2025,1,FORK OIL,150,150,
7/7/2025,1,Seat Cover (Generic),250,250,
7/7/2025,1,Spark Plug,85,85,
7/7/2025,1,275-17 TUBE,180,180,
7/7/2025,1,FULLY 800ML (Oil),260,260,
7/7/2025,1,OIL FILTER YAMAHA,50,50,
7/7/2025,1,SPRAY PAINT BLACK,150,150,
7/7/2025,1,80/90-14 BEAST WITH SEALANT (Tire),"1,100","1,100",
7/7/2025,1,225-17 LEO TIRE,550,550,
7/7/2025,1,CHAIN LUBE,120,120,
7/7/2025,1,Sprocket Set (Standard),650,650,
7/7/2025,1,YAMALUBE BLUE CORE 1L,360,360,
7/7/2025,1,HIRC CENTER SPRING,300,300,
7/7/2025,1,PULLEY SET NMAX,"2,000","2,000",
7/7/2025,1,TERMINAL HORN,15,15,
7/7/2025,1,WIRE (Per Meter/Roll),40,40,
7/7/2025,1,FUSE (Pack),20,20,
7/7/2025,1,MULTI 800ML (Oil),205,205,
7/7/2025,2,BEARING (6201/6301),80,160,
7/7/2025,1,BOLT (Generic),10,10,
7/7/2025,1,REGULATOR,280,280,
7/7/2025,1,Fuel Filter,120,120,
7/7/2025,1,Pulley Side Oil Seal,100,100,
7/7/2025,1,Bearing (Small),80,80,
7/7/2025,1,Gasket (Small),45,45,
7/7/2025,1,CVT Belt (Force/Generic),450,450,
7/7/2025,1,Sprocket Set Smash,640,640,
7/7/2025,1,Seat Cover (Premium),300,300,
7/7/2025,1,Oil Seal (Assorted),100,100,
7/7/2025,1,Switch (On/Off),90,90,
7/7/2025,1,Trailer Light,180,180,
7/7/2025,1,Spark Plug,85,85,
7/7/2025,1,Electric Horn (Single),90,90,
7/7/2025,1,Electric Horn (Single),90,90,
7/7/2025,1,Plate Frame,150,150,
7/7/2025,1,Bracket (Small),50,50,
7/7/2025,1,Fuel Line (Segment),30,30,
7/8/2025,1,MOTOLITE BATTERY 5L,785,785,
7/8/2025,1,Sprocket Set (428/130L),650,650,
7/8/2025,1,PIAA (Horn/Light),600,600,
7/8/2025,1,PISTON RING (5MX-E1603),490,490,
7/8/2025,1,LEO TIRE 250-17,450,450,
7/8/2025,2,Yamalube Blue Core 1L,360,720,
7/8/2025,1,Air Filter,315,315,
7/8/2025,1,SEAT COVER,300,300,
7/8/2025,2,Brake Pad,200,400,
7/8/2025,3,Clutch Cable,150,450,
7/8/2025,3,Speedo Cable,100,300,
7/8/2025,3,Spark Plug,85,255,
7/8/2025,3,Brake Fluid,70,210,
7/8/2025,3,Oil Filter,50,150,
7/8/2025,3,Headlight Bulb,30,90,
7/8/2025,3,Cable Tie (Pack),15,45,
7/8/2025,3,Bolt M6,10,30,
7/8/2025,1,GEAR OIL FULLY ,95,95,
7/8/2025,1,HANDLE SWITCH LH,250,250,
7/8/2025,2,RUG (Cleaning Cloth),10,20,
7/8/2025,1,SPARK PLUG NGK ,180,180,
7/8/2025,1,CASTROL 1L,360,360,
7/8/2025,1,YAMALUBE BLUE CORE 810ML ,280,280,
7/8/2025,1,CVT SPRAY ,220,220,
7/8/2025,1,HI-TEMP,30,30,
7/8/2025,1,HAND GRIP ,280,280,
7/8/2025,1,BUNKER,350,350,
7/8/2025,1,250-17 TUBE ,170,170,
7/8/2025,2,CABLE TIE,5,10,
7/8/2025,1,IGNITION SWITCH ,450,450,
7/8/2025,1,62/22 BEARING ORIGINAL ,450,450,
7/8/2025,1,BEARING 6204 ORIGINAL ,280,280,
7/8/2025,1,ELECTRICAL TAPE,30,30,
7/8/2025,1,GEAR OIL FULLY ,95,95,
7/8/2025,1,GREASE,10,10,
7/8/2025,1,TORCH ,50,50,
7/8/2025,1,CHANGE PEDAL,140,140,
7/8/2025,1,GASKET ALL ,100,100,
7/8/2025,1,EXHAUST GASKET ,30,30,
7/8/2025,1,PRESTONE COOLANT 1L ,210,210,
7/9/2025,2,SPACER,60,60,
7/9/2025,1,HI-TEMP,30,30,
7/9/2025,1,TORQUE DRIVE MIO SPORTY,600,600,
7/9/2025,1,FULLY 900ML,255,255,
7/9/2025,1,GEAR OIL ,95,95,
7/9/2025,1,AT FULLY 800ML,260,260,
7/9/2025,2,BOLT ,20,20,
7/9/2025,2,OIL SEAL FRONT SHOCK XRM ,75,150,
7/9/2025,1,SHOCK BEAR 2PH-F2210,1150,1150,
7/9/2025,1,MASTER KIT ,100,100,
7/9/2025,1,HANDLE SWITCH R150 RH ,150,150,
7/9/2025,2,CASTROL GOLD 800ML ,315,315,
7/9/2025,1,SPROCKET ,220,220,
7/9/2025,6,BEARING ,75,450,
7/9/2025,1,BRAKE CABLE ,230,230,
7/9/2025,1,HI-TEMP,30,30,
7/9/2025,1,BRAKE PAD,150,150,
7/9/2025,2,SEALANT,120,120,
7/9/2025,1,FULLY 1L ,280,280,
7/9/2025,3,BEARING ,80,240,
7/9/2025,1,SHELL SCOOTER,300,300,
7/10/2025,1,Side Mirror,250,250,
7/10/2025,1,Brake Fluid,70,70,
7/10/2025,1,AT Fully 800ml,260,260,
7/10/2025,1,Gear Oil,95,95,
7/10/2025,1,Anti-Rust,150,150,
7/10/2025,1,225–17 Tube,170,170,
7/10/2025,1,Belt 6X6,300,300,
7/10/2025,1,Electrical Tape,25,25,
7/10/2025,1,YAMALUBE BLUE CORE 1L,360,360,
7/10/2025,1,Gear Oil Fully Synthetic Oil,95,95,
7/10/2025,1,GASKET ALL ,100,100,
7/10/2025,1,Hi-Temp Grease,30,30,
7/10/2025,1,Brake Hose,300,300,
7/10/2025,1,Brake Fluid,70,70,
7/10/2025,,SEAT COVER,300,300,
7/10/2025,1,LEO TIRE 300–17,770,770,
7/10/2025,1,LEO Tube 300–17,190,190,
7/10/2025,1,BRAKE MASTER ASSY MIO RH,400,400,
7/10/2025,1,MULTI PURPOSE OIL 800ML ,200,200,
7/10/2025,1,GASKET ALL ,100,100,
7/10/2025,1,MULTI 800ML,205,205,
7/10/2025,1,FULLY 1L ,280,280,
7/10/2025,1,Oil Filter,50,50,
7/10/2025,1,Ignition Switch (Tmx),200,200,
7/10/2025,1,Regulator,280,280,
7/10/2025,1,Allen Bolt 8X25,35,35,
7/10/2025,1,Nut,5,5,
7/10/2025,1,Rear Axle XRM 125,120,120,
7/10/2025,1,HIRC Pulley Ball,335,335,
7/10/2025,1,Center Spring (Original),297,297,
7/10/2025,1,Bearing Torque Drive (Original),234,234,
7/10/2025,1,FULLY 1L ,280,280,
7/10/2025,1,Oil Filter,50,50,
7/10/2025,1,Spark Plug Cap,80,80,
7/10/2025,1,seat cover,300,300,
7/10/2025,1,BRAKE PAD,200,200,
7/10/2025,1,HAND GRIP,220,220,
7/11/2025,1,FULLY 1L,280,,
7/11/2025,1,Brake Pad (Orig Click),880,,
7/11/2025,1,Brake Shoe (Orig Click),880,,
7/11/2025,1,Exhaust Gasket,20,,
7/11/2025,1,SIDE MIRROR ,280,,
7/11/2025,1,Carbon Brush,100,,
7/11/2025,1,Side Mirror Holder,280,,
7/11/2025,1,Multi 1L,230,,
7/11/2025,2,Bearing,150,300,
7/11/2025,1,Brake Lever,100,,
7/11/2025,1,Fully 800ml,25,,
7/11/2025,1,Oil Filter Suzuki,95,,
7/11/2025,1,Fully 800ml,25,,
7/11/2025,1,SIDE MIRROR ,260,,
7/11/2025,1,AT Fully 800 ml,95,,
7/11/2025,1,Gear Oil,95,,
7/11/2025,5,Lights ,30,150,
7/11/2025,1,FUEL HOSE 1M,40,40,
7/11/2025,1,CASTROL 1L GOLD,360,360,
7/11/2025,1,Oil Filter (Yamaha),50,50,
7/11/2025,1,Sprocket T42,230,230,
7/11/2025,1,CHAIN 428H-130L,320,320,
7/11/2025,1,Brake Pad,150,150,
7/11/2025,1,Fully 1L,280,280,
7/11/2025,1,250–17 Tire,550,550,
7/11/2025,1,250-17 TUBE,170,170,
7/11/2025,1,FUJI TIRE 300-17 ,790,790,
7/11/2025,1,300-17 LEO TUBE ,190,190,
7/11/2025,1,OIL FILTER,50,50,
7/11/2025,1,SPARK PLUG NGK ORIGINAL ,180,180,
7/11/2025,,CDI ,200,200,
7/11/2025,2,Allen Bolt 8X30,40,80,
7/11/2025,2,80/90-14 TUBELESS SILVESTRE ,1050,2100,
7/11/2025,,Switch (On/Off),50,50,
7/11/2025,,HEADLIGHT SWITCH ,50,50,
7/11/2025,8,BOLT ,10,80,
7/11/2025,,GEAR OIL ,65,65,
7/11/2025,,BRAKE SWITCH REAR ,70,70,
7/11/2025,,PLATE NUMBER BOLT ,20,40,
7/11/2025,,AT FULLY 800ML (Oil),260,260,
7/11/2025,,SIGNAL LIGHT ,150,150,
7/11/2025,2,FUSE CIRCLE,10,20,
7/11/2025,,BULB,30,30,
7/11/2025,,SEAT COVER ,300,300,
7/11/2025,,HAND GRIP ,220,220,
7/11/2025,,ELECTRICAL TAPE ,30,30,
7/11/2025,,CABLE TIE (Pack),5,10,
7/11/2025,,CHAIN LOCK ,25,50,
7/11/2025,,HIRC WASHABLE AIR FILTER ,350,350,
7/11/2025,,SLIDER ,175,175,
7/11/2025,,BRAKE SHOE ,220,220,
7/11/2025,,250-17 TUBE ,170,170,
7/11/2025,,ELECTRICAL TAPE ,30,30,
7/12/2025,1,Sprocket Set Mutaru,1200,1200,
7/12/2025,1,Spark Plug,80,80,
7/12/2025,1,Brake Fluid,95,95,
7/12/2025,1,Gear Oil,120,120,
7/12/2025,1,AT Fully Synthetic,350,350,
7/12/2025,1,Battery Acid,75,75,
7/12/2025,1,Brake Pads,180,180,
7/12/2025,1,Clutch Cable,150,150,
7/12/2025,1,Oil Filter,120,120,
7/12/2025,1,Air Filter,180,180,
7/12/2025,1,Tube 2.50-17,190,190,
7/12/2025,1,Tube 2.75-17,210,210,
7/12/2025,1,LED Light,100,100,
7/12/2025,1,Gas Hose,25,25,
7/12/2025,1,Bearing,60,60,
7/12/2025,1,Brake Shoe,220,220,
7/12/2025,1,Gasket Set,90,90,
7/12/2025,1,Side Mirror,260,260,
7/12/2025,1,Spark Plug Cap,45,45,
7/12/2025,1,Flaring Bolt,15,15,
7/12/2025,1,Switch (Light),85,85,
7/12/2025,1,Horn,120,120,
7/12/2025,1,Nut & Bolt Set,40,40,
7/12/2025,1,Signal Light,70,70,
7/12/2025,1,Handle Grip,95,95,
7/12/2025,1,Fuel Line,35,35,
7/12/2025,1,Brake Lever,50,50,
7/12/2025,1,Oil Seal,45,45,
7/12/2025,1,Tire Valve,25,25,
7/12/2025,1,Chain Lube,90,90,
7/12/2025,1,Chain Lock 420,20,20,
7/12/2025,6,Fuse,10,60,
7/12/2025,1,Cleaner Spray,110,110,
7/12/2025,1,Regulator,280,280,
7/13/2025,1,90/90-14 Tubeless,1150,1150,
7/13/2025,1,110/70-14 Tubeless,1450,1450,
7/13/2025,1,Sprocket Set R150,700,700,
7/13/2025,1,80/90-14 Beast Tire,1150,1150,
7/13/2025,1,Rug,10,10,
7/13/2025,1,Grease,10,10,
7/13/2025,1,Spark Plug,80,80,
7/13/2025,1,Brake Fluid,95,95,
7/13/2025,1,Gear Oil,120,120,
7/13/2025,1,AT Fully Syn,350,350,
7/13/2025,1,Battery Acid,75,75,
7/13/2025,1,Clutch Cable,150,150,
7/13/2025,1,Brake Shoe,220,220,
7/13/2025,1,Gasket Set,90,90,
7/13/2025,1,Oil Filter,120,120,
7/13/2025,1,Air Filter,180,180,
7/13/2025,1,LED Light,100,100,
7/13/2025,1,Gas Hose,25,25,
7/13/2025,1,Bearing,60,60,
7/13/2025,1,Chain Lube,90,90,
7/13/2025,1,Side Mirror,260,260,
7/13/2025,1,Horn,120,120,
7/13/2025,1,Nut & Bolt Set,40,40,
7/13/2025,1,Brake Lever,50,50,
7/13/2025,1,Fuel Line,35,35,
7/13/2025,1,Oil Seal,45,45,
7/13/2025,1,Tire Valve,25,25,
7/13/2025,1,Handle Grip,95,95,
7/13/2025,1,Signal Light,70,70,
7/13/2025,1,Switch (Light),85,85,
7/13/2025,1,Regulator,280,280,
7/13/2025,1,CDI,200,200,
7/13/2025,1,Brake Pads Set,180,180,
7/13/2025,1,Spark Plug Cap,45,45,
7/13/2025,1,Cleaner Spray,110,110,
7/13/2025,1,Fuse,10,10,
7/13/2025,1,Fuse,10,10,
7/13/2025,1,Fuse,10,10,
7/13/2025,1,Fuse,10,10,
7/13/2025,1,Fuse,10,10,
7/13/2025,1,Fuse,10,10,
7/13/2025,1,Clutch Spring Set,40,40,
7/13/2025,1,Fan Belt,90,90,
7/13/2025,1,Speedometer Cable,120,120,
7/13/2025,1,Magneto Coil,250,250,
7/13/2025,1,Headlight Unit,300,300,
7/13/2025,1,Tail Light Lens,90,90,
7/13/2025,1,Carb Jet Set,60,60,
7/13/2025,1,CVT Roller Set,150,150,
7/13/2025,1,O-Ring Seal,20,20,
7/13/2025,1,Brake Switch,65,65,
7/13/2025,1,Chain Lock,20,20,
7/13/2025,1,Spring Clip,15,15,
7/13/2025,1,Rubber Boot,25,25,
7/13/2025,1,Starter Relay,180,180,
7/13/2025,1,Flare Nut,15,15,
7/13/2025,1,Cable Tie Pack,20,20,
7/13/2025,1,Spark Plug (extra),80,80,
7/13/2025,1,Oil Filter (extra),120,120,
7/13/2025,1,Brake Hose,160,160,
7/14/2025,1,Exhaust Gasket,30,30,
7/14/2025,1,AT FULLY 900ML,270,270,
7/14/2025,1,PARK LIGHT ,150,150,
7/14/2025,1,BRAKE PAD,200,200,
7/14/2025,1,AIR FILTER XRM ,220,220,
7/14/2025,1,80/90-17 TUBELESS TIRE,1150,1150,
7/14/2025,1,BRAKE CABLE ,150,150,
7/14/2025,1,SIDE MIRROR ,250,250,
7/14/2025,1,NUT,7,7,
7/14/2025,1,SEAT COVER,250,250,
7/14/2025,1,BOLT 8X20 ,10,10,
7/14/2025,2,WASHER,2,4,
7/14/2025,1,BRAKE FLUID ,70,70,
7/14/2025,2,CABLE TIE,5,10,
7/14/2025,1,AT FULLY 800ML,260,260,
7/14/2025,1,FULLY 1L ,280,280,
7/14/2025,1,SEALANT ,120,120,
7/14/2025,1,HIRC Clutch Bell NMAX,1630,1630,
7/14/2025,1,250-17 LEO Tire,530,530,
7/14/2025,1,Spark Plug,80,80,
7/14/2025,1,Brake Fluid,95,95,
7/14/2025,1,Gear Oil,120,120,
7/14/2025,1,AT Fluid,150,150,
7/14/2025,1,Gasket Set,90,90,
7/14/2025,1,Clutch Cable,150,150,
7/14/2025,1,Bearing,60,60,
7/14/2025,1,Fuel Filter,50,50,
7/14/2025,1,Hose Clamp,20,20,
7/14/2025,1,Oil Seal,45,45,
7/14/2025,1,Brake Shoe,220,220,
7/14/2025,1,Fuse,10,10,
7/14/2025,1,Fuse,10,10,
7/14/2025,1,Fuse,10,10,
7/14/2025,1,Fuse,10,10,
7/14/2025,1,LED Light,100,100,
7/14/2025,1,Horn,120,120,
7/14/2025,1,Side Mirror,260,260,
7/14/2025,1,Oil Filter,120,120,
7/14/2025,1,Regulator,280,280,
7/14/2025,1,Handle Grip,95,95,
7/14/2025,1,Sprocket Hub Bolt Set,40,40,
7/14/2025,1,Tire Valve,25,25,
7/14/2025,1,Cleaning Spray,110,110,
7/14/2025,1,Brake Switch,65,65,
7/14/2025,1,Chain Lube,90,90,
7/14/2025,1,Nut & Bolt Set,40,40,
7/14/2025,1,Spark Plug Cap,45,45,
7/14/2025,1,Air Filter,170,170,
7/14/2025,1,CVT Roller Set,150,150,
7/14/2025,1,Oil Filter (Extra),120,120,
7/14/2025,1,Gasket (Extra),35,35,
7/14/2025,1,Fuel Line,25,25,
7/15/2025,1,Brake Pump,300,300,
7/15/2025,1,Shell Scooter 300,300,300,
7/15/2025,1,Spark Plug,80,80,
7/15/2025,1,Brake Fluid,95,95,
7/15/2025,1,Gear Oil,120,120,
7/15/2025,1,Fuse,10,10,
7/15/2025,1,Fuse,10,10,
7/15/2025,1,Fuse,10,10,
7/15/2025,1,Chain Lube,90,90,
7/15/2025,1,Oil Seal,45,45,
7/15/2025,1,Fuel Filter,50,50,
7/15/2025,1,Tire Valve,25,25,
7/15/2025,1,Gasket,35,35,
7/15/2025,1,Side Mirror,260,260,
7/15/2025,1,Horn,120,120,
7/15/2025,1,Brake Switch,65,65,
7/15/2025,1,Regulator,180,180,
7/15/2025,1,AT Fluid,150,150,
7/15/2025,1,Nut & Bolt Set,35,35,
7/15/2025,1,Sprocket Set Original,1300,1300,
7/15/2025,1,Ball Race Original,800,800,
7/15/2025,1,4L Thaiworkz Battery,450,450,
7/15/2025,1,110/70-13 Tubeless,1150,1150,
7/15/2025,1,Kick Starter,450,450,
7/15/2025,1,Spark Plug,80,80,
7/15/2025,1,Brake Fluid,95,95,
7/15/2025,1,Gear Oil,120,120,
7/15/2025,1,Air Filter,180,180,
7/15/2025,1,Oil Filter,120,120,
7/15/2025,1,Chain Lube,90,90,
7/15/2025,1,Bearing,60,60,
7/15/2025,1,Fuel Filter,50,50,
7/15/2025,1,Gasket Set,90,90,
7/15/2025,1,Brake Shoe,220,220,
7/15/2025,1,CDI,200,200,
7/15/2025,1,Fuse,10,10,
7/15/2025,1,Fuse,10,10,
7/15/2025,1,Fuse,10,10,
7/15/2025,1,Side Mirror,260,260,
7/15/2025,1,Handle Grip,95,95,
7/15/2025,1,Brake Switch,65,65,
7/15/2025,1,Horn,120,120,
7/15/2025,1,Tire Valve,25,25,
7/15/2025,1,Nut & Bolt Set,40,40,
7/15/2025,1,Rubber Boot,25,25,
7/15/2025,1,Cleaner Spray,110,110,
7/15/2025,1,Oil Seal,45,45,
7/16/2025,1,4L Thaiworkz Battery,450,450,
7/16/2025,1,Regulator,385,385,
7/16/2025,1,Spark Plug,80,80,
7/16/2025,1,Spark Plug,80,80,
7/16/2025,1,Spark Plug,80,80,
7/16/2025,1,Gear Oil,120,120,
7/16/2025,1,Gear Oil,120,120,
7/16/2025,1,Brake Fluid,90,90,
7/16/2025,1,Brake Fluid,90,90,
7/16/2025,1,Fuel Filter,50,50,
7/16/2025,1,Fuel Filter,50,50,
7/16/2025,1,Gasket Set,90,90,
7/16/2025,1,Gasket Set,90,90,
7/16/2025,1,Oil Seal,45,45,
7/16/2025,1,Oil Seal,45,45,
7/16/2025,1,Oil Seal,45,45,
7/16/2025,1,Cleaner Spray,110,110,
7/16/2025,1,Cleaner Spray,110,110,
7/16/2025,1,Bearing,60,60,
7/16/2025,1,Bearing,60,60,
7/16/2025,1,Fuse,10,10,
7/16/2025,1,Fuse,10,10,
7/16/2025,1,Fuse,10,10,
7/16/2025,1,Tire Valve,25,25,
7/16/2025,1,Tire Valve,25,25,
7/16/2025,1,Brake Shoe,220,220,
7/16/2025,1,Brake Shoe,220,220,
7/16/2025,1,Horn,120,120,
7/16/2025,1,Horn,120,120,
7/16/2025,1,Handle Grip,95,95,
7/16/2025,1,Handle Grip,95,95,
7/16/2025,1,Side Mirror,260,260,
7/16/2025,1,Side Mirror,260,260,
7/16/2025,1,Nut & Bolt Set,40,40,
7/16/2025,1,Rubber Boot,25,25,
7/16/2025,1,BULB ,30,30,
7/16/2025,1,SEALANT ,120,120,
7/16/2025,,SEAT COVER,330,330,
7/16/2025,2,BEARING 6303 ,80,160,
7/17/2025,10,"Cable Tie 5""",5,50,
7/17/2025,9,Electrical Tape,30,270,
7/17/2025,4,Clutch Lining Sniper,189,756,
7/17/2025,40,Cable Tie,5,200,
7/17/2025,1,Engine Oil,120,120,
7/17/2025,1,Engine Oil,120,120,
7/17/2025,1,Engine Oil,120,120,
7/17/2025,1,Engine Oil,120,120,
7/17/2025,1,Spark Plug,80,80,
7/17/2025,1,Spark Plug,80,80,
7/17/2025,1,Spark Plug,80,80,
7/17/2025,1,Spark Plug,80,80,
7/17/2025,1,Spark Plug,80,80,
7/17/2025,1,Spark Plug,80,80,
7/17/2025,1,Spark Plug,80,80,
7/17/2025,1,Spark Plug,80,80,
7/17/2025,1,Spark Plug,80,80,
7/17/2025,1,Spark Plug,80,80,
7/17/2025,1,Brake Shoe,220,220,
7/17/2025,1,Brake Shoe,220,220,
7/17/2025,1,Brake Shoe,220,220,
7/17/2025,1,Brake Shoe,220,220,
7/17/2025,1,Brake Shoe,220,220,
7/17/2025,1,Brake Shoe,220,220,
7/17/2025,1,Brake Shoe,220,220,
7/17/2025,1,Brake Shoe,220,220,
7/17/2025,1,Brake Shoe,220,220,
7/17/2025,1,Brake Shoe,220,220,
7/17/2025,1,Brake Shoe,220,220,
7/17/2025,1,Brake Shoe,220,220,
7/17/2025,1,Brake Shoe,220,220,
7/17/2025,1,Brake Shoe,220,220,
7/17/2025,1,Brake Shoe,220,220,
7/17/2025,1,Gasket,90,90,
7/17/2025,1,Gasket,90,90,
7/17/2025,1,Gasket,90,90,
7/17/2025,1,Gasket,90,90,
7/17/2025,1,Gasket,90,90,
7/17/2025,1,Gasket,90,90,
7/17/2025,1,Gasket,90,90,
7/17/2025,1,Gasket,90,90,
7/17/2025,1,Gasket,90,90,
7/17/2025,1,Gasket,90,90,
7/17/2025,1,Cleaner Spray,110,110,
7/17/2025,1,Cleaner Spray,110,110,
7/17/2025,1,Cleaner Spray,110,110,
7/17/2025,1,Cleaner Spray,110,110,
7/17/2025,1,Cleaner Spray,110,110,
7/17/2025,1,Bearing,60,60,
7/17/2025,1,Bearing,60,60,
7/17/2025,1,Bearing,60,60,
7/17/2025,1,Bearing,60,60,
7/17/2025,1,Bearing,60,60,
7/17/2025,1,Fuel Filter,50,50,
7/17/2025,1,Fuel Filter,50,50,
7/17/2025,1,Fuel Filter,50,50,
7/17/2025,1,Fuel Filter,50,50,
7/17/2025,1,Fuel Filter,50,50,
7/17/2025,1,Brake Pad,150,150,
7/17/2025,1,Throttle Cable,140,140,
7/17/2025,1,Side Mirror,150,150,
7/17/2025,1,Horn,120,120,
7/17/2025,1,Handle Grip,180,180,
7/18/2025,15,Spark Plug,80,"1,200",
7/18/2025,8,Electrical Tape,30,240,
7/18/2025,5,Gasket,90,450,
7/18/2025,1,Disk Pad,250,250,
7/18/2025,1,Engine Oil Scooter,130,130,
7/18/2025,1,Ball Race,180,180,
7/18/2025,1,Clutch Spring Set,120,120,
7/18/2025,1,Gear Oil,65,65,
7/18/2025,1,"Inner Tube 17""",220,220,
7/18/2025,1,Brake Shoe,220,220,
7/18/2025,1,HIRC CLUTCH SHOE,1100,1100,
7/18/2025,1,Joint,55,55,
7/18/2025,1,Bearing 6201,55,55,
7/18/2025,1,Bearing 6203,60,60,
7/18/2025,1,Horn,70,70,
7/18/2025,1,Switch,120,120,
7/18/2025,1,Side Mirror,140,140,
7/18/2025,1,Clutch Cable,150,150,
7/18/2025,1,Tire Patch,130,130,
7/18/2025,2,Electrical Tape,30,60,
7/19/2025,3,Zip Tie Small,2,6,
7/19/2025,1,Spark Plug CPR8EA,120,120,
7/19/2025,1,Gear Oil 80W90,65,65,
7/19/2025,1,Brake Shoe Set,230,230,
7/19/2025,1,Clutch Cable,130,130,
7/19/2025,1,Steering Bearing Set,180,180,
7/19/2025,1,Chain Lube,150,150,
7/19/2025,1,Horn Mini,120,120,
7/19/2025,1,Brake Lever Left,75,75,
7/19/2025,1,Fuel Filter,60,60,
7/19/2025,1,CDI Racing,300,300,
7/19/2025,1,Flasher Relay LED,90,90,
7/19/2025,1,Headlight Bulb HS1,130,130,
7/19/2025,1,Side Mirror Universal,150,150,
7/19/2025,1,Battery Terminal,25,25,
7/19/2025,1,Carburetor Repair Kit,180,180,
7/19/2025,1,Air Filter Foam,90,90,
7/19/2025,1,Brake Fluid DOT3,85,85,
7/19/2025,1,Grip Set Rubber,120,120,
7/19/2025,1,Tire Patch,50,50,
7/19/2025,1,Clutch Spring Set,110,110,
7/19/2025,1,Ignition Coil,180,180,
7/19/2025,1,Gasket Set (Overhaul),250,250,
7/19/2025,1,Roller Set Mio,200,200,
7/19/2025,1,Tail Light Bulb,20,20,
7/19/2025,1,Fuse 10A,10,10,
7/19/2025,1,Plate Light LED,70,70,
7/19/2025,1,Camshaft Seal,60,60,
7/19/2025,1,Shock Boot Rubber,75,75,
7/19/2025,1,SPROCKET SET (highlight item),"2,557","2,557",
7/19/2025,12,Zip Tie Small,3,36,
7/19/2025,10,Electrical Tape,30,300,
7/19/2025,5,Bolt Set,15,75,
7/19/2025,1,Disk Pad,250,250,
7/19/2025,1,Disk Pad,250,250,
7/19/2025,1,Disk Pad,250,250,
7/19/2025,1,Spark Plug,90,90,
7/19/2025,1,Spark Plug,90,90,
7/19/2025,1,Spark Plug,90,90,
7/19/2025,1,Gear Oil,65,65,
7/19/2025,1,Gear Oil,65,65,
7/19/2025,1,Gear Oil,65,65,
7/19/2025,1,Ball Race,180,180,
7/19/2025,1,Ball Race,180,180,
7/19/2025,1,Clutch Spring Set,120,120,
7/19/2025,1,Clutch Spring Set,120,120,
7/19/2025,1,Clutch Spring Set,120,120,
7/19/2025,1,Bearing 6201,60,60,
7/19/2025,1,Bearing 6201,60,60,
7/19/2025,1,Bearing 6203,70,70,
7/19/2025,1,Bearing 6203,70,70,
7/19/2025,1,Ignition Coil,180,180,
7/19/2025,1,Ignition Coil,180,180,
7/19/2025,1,Horn,120,120,
7/19/2025,1,Horn,120,120,
7/19/2025,1,Switch,140,140,
7/19/2025,1,Switch,140,140,
7/19/2025,1,Clutch Cable,130,130,
7/19/2025,1,Clutch Cable,130,130,
7/19/2025,1,"Inner Tube 17""",220,220,
7/19/2025,1,"Inner Tube 17""",220,220,
7/19/2025,1,Brake Shoe,220,220,
7/19/2025,1,Brake Shoe,220,220,
7/19/2025,1,Side Mirror,150,150,
7/19/2025,1,Side Mirror,150,150,
7/19/2025,1,Tire Patch,50,50,
7/19/2025,1,Tire Patch,50,50,
7/19/2025,1,Brake Lever,75,75,
7/19/2025,1,Brake Lever,75,75,
7/19/2025,1,CDI,300,300,
7/20/2025,1,Electrical Tape,30,30,
7/20/2025,2,Zip Tie Small,2,4,
7/20/2025,3,Zip Tie Medium,3,9,
7/20/2025,1,Fuse 10A,10,10,
7/20/2025,1,Fuse 15A,10,10,
7/20/2025,1,Spark Plug CR7HSA,120,120,
7/20/2025,1,Spark Plug CPR8EA,130,130,
7/20/2025,1,Valve Seal Set,80,80,
7/20/2025,1,Fuel Filter,60,60,
7/20/2025,1,Tire Patch,50,50,
7/20/2025,1,Brake Cable,120,120,
7/20/2025,1,Clutch Cable,130,130,
7/20/2025,1,Oil Seal 14x28,35,35,
7/20/2025,1,Oil Seal 17x28,40,40,
7/20/2025,1,Handle Grip Set,120,120,
7/20/2025,1,Horn Mini Black,120,120,
7/20/2025,1,Horn Twin Tone,160,160,
7/20/2025,1,Steering Bearing Set,180,180,
7/20/2025,1,Camshaft Seal,60,60,
7/20/2025,1,Rear Signal Light Bulb,20,20,
7/20/2025,1,Plate Light LED,70,70,
7/20/2025,1,Brake Shoe Set,230,230,
7/20/2025,1,CVT Belt Mio,350,350,
7/20/2025,1,CVT Belt Honda,380,380,
7/20/2025,1,CDI Unit,250,250,
7/20/2025,1,Flasher Relay LED,90,90,
7/20/2025,1,Gasket Set Top,160,160,
7/20/2025,1,Gasket Set Overhaul,250,250,
7/20/2025,1,Chain Lube,150,150,
7/20/2025,1,Carburetor Kit,180,180,
7/20/2025,1,Roller Set Mio,200,200,
7/20/2025,1,Swing Arm Bushing,70,70,
7/20/2025,1,Brake Lever Right,80,80,
7/20/2025,1,Brake Lever Left,75,75,
7/20/2025,1,Headlight Bulb HS1,130,130,
7/20/2025,1,Clutch Spring Set,110,110,
7/20/2025,1,Handle Switch Left,180,180,
7/20/2025,1,Handle Switch Right,180,180,
7/20/2025,1,Rectifier,180,180,
7/20/2025,1,Ignition Coil,180,180,
7/20/2025,1,Lock Set Universal,250,250,
7/20/2025,1,Side Mirror Round,150,150,
7/20/2025,1,Side Mirror Square,150,150,
7/20/2025,1,Air Filter Foam,90,90,
7/20/2025,1,Ball Race Set,160,160,
7/20/2025,1,Brake Fluid DOT3,85,85,
7/20/2025,1,Shock Boot Rubber,75,75,
7/20/2025,1,Throttle Cable,130,130,
7/20/2025,1,Clutch Lining Set,200,200,
7/20/2025,1,4L THAIWORKZ Battery,450,450,
7/20/2025,1,SPROCKET SET HEAVY DUTY,"1,700","1,700",
7/21/2025,1,90/90-14 Tire,1450,1450,
7/21/2025,1,Brake Disc,855,855,
7/21/2025,1,250-17 Tire,550,550,
7/21/2025,1,7A Thaiworkz Battery,750,750,
7/21/2025,1,Electrical Tape,30,30,
7/21/2025,1,Spark Plug CR7HSA,120,120,
7/21/2025,1,Fuse 10A,10,10,
7/21/2025,1,Cable Tie Small,2,2,
7/21/2025,1,Cable Tie Medium,3,3,
7/21/2025,1,Tire Patch,50,50,
7/21/2025,1,Fuel Filter,60,60,
7/21/2025,1,Horn Mini,120,120,
7/21/2025,1,Handle Grip Set,120,120,
7/21/2025,1,Plate Light LED,70,70,
7/21/2025,1,Camshaft Seal,60,60,
7/21/2025,1,Roller Set Mio,200,200,
7/21/2025,1,Gasket Set Top,160,160,
7/21/2025,1,Side Mirror Round,150,150,
7/21/2025,1,CDI Unit,250,250,
7/21/2025,1,Clutch Cable,130,130,
7/21/2025,1,Brake Lever Right,80,80,
7/21/2025,1,Brake Shoe Set,230,230,
7/21/2025,1,Carburetor Repair Kit,180,180,
7/21/2025,1,Chain Lube,150,150,
7/21/2025,1,Headlight Bulb HS1,130,130,
7/21/2025,1,Ball Race Set,160,160,
7/22/2025,1,BALL RACE ,200,200,
7/22/2025,1,SHELL 800ML,315,315,
7/22/2025,2,Electrical Tape,30,30,
7/22/2025,1,Brake Shoe ,150,150,
7/22/2025,2,CABLE TIE,10,10,
7/22/2025,1,CHAIN LOCK ,355,355,
7/22/2025,1,LED BULB ,25,25,
7/22/2025,1,HALO HORN,200,200,
7/22/2025,1,GLOVES,300,300,
7/22/2025,1,BRAKE FLUID,180,180,
7/22/2025,1,RELAY,70,70,
7/22/2025,1,SIDE MIRROR,250,250,
7/22/2025,1,ENGINE SPROCKET ,100,100,
7/22/2025,1,LEVER CT100,450,450,
7/22/2025,1,,30,30,
7/22/2025,3,WIRE,40,120,
7/22/2025,1,O-RING FUEL PUMP ,180,180,
7/22/2025,1,SEALANT,120,120,
7/22/2025,1,,50,50,
7/22/2025,2,COOLANT 500ML,120,240,
7/23/2025,1,SCREEN BOLT ,10,10,
7/23/2025,1,AT FULLY 1L,290,290,
7/23/2025,1,CHAIN,320,320,
7/23/2025,1,GEAR OIL (FULLY),95,95,
7/23/2025,1,FULLY 800ML,255,255,
7/23/2025,2,WASHER,2,4,
7/23/2025,1,ELECTRICAL TAPE,30,30,
7/23/2025,1,LEO TIRE 250-17,550,550,
7/23/2025,1,LEO TUBE 250-17,170,170,
7/23/2025,1,LEO TIRE 250-17,550,550,
7/23/2025,4,T BOLT 10x20,15,60,
7/23/2025,4,grease,10,30,
7/23/2025,4,FUSE,10,40,
7/23/2025,4,DECORATED LIGHT,30,100,
7/23/2025,1,SEAT COVER ,200,200,
7/23/2025,1,NGK SPARKPLUG LOCAL,80,80,
7/23/2025,2,CVD,220,440,
7/23/2025,3,BOLT 6X25,10,30,
7/23/2025,3,WASHER,2,6,
7/23/2025,3,LIGHTS,30,100,
7/23/2025,1,CHAIN,300,300,
7/23/2025,2,GREASE,10,20,
7/23/2025,1,BRAKE FLUID,70,70,
7/23/2025,1,COOLANT (500ml),120,120,
7/23/2025,3,LIGHTS,30,90,
7/23/2025,1,AT FULLY 800ML,260,260,
7/23/2025,1,SEAT COVER ,250,250,
7/23/2025,1,AT FULLY 800ML,260,260,
7/23/2025,1,BRAKE FLUID,70,70,
7/23/2025,1,SPARK PLUG NGK ORIGINAL,180,180,
7/23/2025,2,RUG,10,20,
7/24/2025,2,Fuse,10,20,
7/24/2025,2,Allen Bolt 8×50,45,90,
7/24/2025,21,Washer,2,42,
7/24/2025,30,Cable Tie,5,150,
7/24/2025,4,Cable Tie,10,40,
7/24/2025,2,Wire,40,80,
7/24/2025,1,Disk Pad,250,250,
7/24/2025,1,Engine Oil Scooter,130,130,
7/24/2025,1,Ball Race,180,180,
7/24/2025,1,Clutch Spring Set,120,120,
7/24/2025,1,Gear Oil,65,65,
7/24/2025,1,"Inner Tube 17""",220,220,
7/24/2025,1,Brake Shoe,220,220,
7/24/2025,1,Bearing 6201,55,55,
7/24/2025,1,Bearing 6203,60,60,
7/24/2025,1,Horn,70,70,
7/24/2025,1,Joint,55,55,
7/24/2025,1,Disk Pad,250,250,
7/24/2025,1,Engine Oil Scooter,130,130,
7/24/2025,1,Gear Oil,65,65,
7/24/2025,1,Ball Race,180,180,
7/24/2025,1,Clutch Spring Set,120,120,
7/24/2025,1,Bearing 6203,60,60,
7/24/2025,1,Disk Pad,250,250,
7/24/2025,1,"Inner Tube 17""",220,220,
7/24/2025,1,Brake Shoe,220,220,
7/24/2025,1,Bearing 6201,55,55,
7/24/2025,1,Clutch Spring Set,120,120,
7/24/2025,1,Disk Pad,250,250,
7/24/2025,1,Engine Oil Scooter,130,130,
7/24/2025,1,Gear Oil,65,65,
7/24/2025,1,Ball Race,180,180,
7/24/2025,1,Bearing 6203,60,60,
7/24/2025,1,Horn,70,70,
7/24/2025,1,Brake Shoe,220,220,
7/24/2025,1,"Inner Tube 17""",220,220,
7/24/2025,1,Clutch Spring Set,120,120,
7/24/2025,1,Disk Pad,250,250,
7/24/2025,1,Engine Oil Scooter,130,130,
7/24/2025,1,Gear Oil,65,65,
7/24/2025,1,Joint,55,55,
7/24/2025,1,Bearing 6201,55,55,
7/24/2025,1,Bearing 6203,60,60,
7/24/2025,1,Horn,70,70,
7/24/2025,1,Disk Pad,250,250,
7/25/2025,1,COOLANT 500ML ,120,120,
7/25/2025,1,225-17 LEO TUBE,160,160,
7/25/2025,1,FUSE BOX,50,50,
7/25/2025,1,3 WAY SWITCH,250,250,
7/25/2025,2,OIL SEAT,80,160,
7/25/2025,1,FOOTREST FRONT,120,120,
7/25/2025,2,BEARING 6201,80,160,
7/25/2025,1,SEAT COVER ,250,250,
7/25/2025,1,BEARING,80,80,
7/25/2025,1,BRAKE PAD ,120,120,
7/25/2025,1,SAE TO 200ML,55,55,
7/25/2025,1,100/80-14 BEAST TIRE,1600,1600,
7/25/2025,1,AT FULLY 800ML,260,260,
7/25/2025,1,90/80-14 TUBELESS WITH SEALANT,1050,1050,
7/25/2025,1,LAXY HORN,250,250,
7/25/2025,1,SIGNAL LIGHT,250,250,
7/25/2025,1,RELAY,150,150,
7/25/2025,1,,60,60,
7/25/2025,1,CVT,220,220,
7/25/2025,3,FUSE,10,30,
7/25/2025,1,BRAKE MASTER,320,320,
7/25/2025,1,PEDAL,150,150,
7/25/2025,1,FLANGE BOLT 6X35,30,30,
7/25/2025,1,SPARK PLUG ,180,180,
7/25/2025,1,CHAIN,300,300,
7/26/2025,4,Bearing,80,320,
7/26/2025,2,Bolt,20,40,
7/26/2025,2,Wire,40,80,
7/26/2025,2,On-Off Switch,50,100,
7/26/2025,2,Hi-Temp Grease,30,60,
7/26/2025,2,Adapter,30,60,
7/26/2025,2,Platebolt,10,20,
7/26/2025,6,Cable Tie,5,30,
7/26/2025,2,Wire,40,80,
7/26/2025,3,Base Gasket (Genuine S150),110,330,
7/26/2025,4,Electrical Tape,30,120,
7/26/2025,1,Disk Pad,250,250,
7/26/2025,1,Engine Oil Scooter,130,130,
7/26/2025,1,Ball Race,180,180,
7/26/2025,1,Clutch Spring Set,120,120,
7/26/2025,1,Gear Oil,65,65,
7/26/2025,1,"Inner Tube 17""",220,220,
7/26/2025,1,Brake Shoe,220,220,
7/26/2025,1,Bearing 6201,55,55,
7/26/2025,1,Bearing 6203,60,60,
7/26/2025,1,Horn,70,70,
7/26/2025,1,Joint,55,55,
7/26/2025,1,Disk Pad,250,250,
7/26/2025,1,Engine Oil Scooter,130,130,
7/26/2025,1,Gear Oil,65,65,
7/26/2025,1,Ball Race,180,180,
7/26/2025,1,Clutch Spring Set,120,120,
7/26/2025,1,Bearing 6203,60,60,
7/26/2025,1,Disk Pad,250,250,
7/26/2025,1,"Inner Tube 17""",220,220,
7/26/2025,1,Brake Shoe,220,220,
7/26/2025,1,Bearing 6201,55,55,
7/26/2025,1,Clutch Spring Set,120,120,
7/26/2025,1,Disk Pad,250,250,
7/26/2025,1,Engine Oil Scooter,130,130,
7/26/2025,1,Gear Oil,65,65,
7/26/2025,1,Ball Race,180,180,
7/26/2025,1,Bearing 6203,60,60,
7/26/2025,1,Horn,70,70,
7/26/2025,1,Brake Shoe,220,220,
7/26/2025,1,"Inner Tube 17""",220,220,
7/26/2025,1,Clutch Spring Set,120,120,
7/26/2025,1,Disk Pad,250,250,
7/26/2025,1,Engine Oil Scooter,130,130,
7/26/2025,1,Gear Oil,65,65,
7/26/2025,1,Joint,55,55,
7/26/2025,1,Bearing 6201,55,55,
7/26/2025,1,Bearing 6203,60,60,
7/26/2025,1,Horn,70,70,
7/27/2025,2,Brake Lights,30,60,
7/27/2025,4,Plate Bolt,10,40,
7/27/2025,2,Bearing 6003 Original,250,500,
7/27/2025,2,Clip Nut,10,20,
7/27/2025,2,Castrol Gold 1L,350,700,
7/27/2025,2,Peanut Bulb,10,20,
7/27/2025,1.5,Wire,40,60,
7/27/2025,2,Washer,2,4,
7/27/2025,4,Cable Tie,5,20,
7/27/2025,1,90/80-14 Tubeless Tire,1150,1150,
7/27/2025,1,80/90-14 Tubeless Tire,1050,1050,
7/27/2025,1,Pulley Ball Genuine Sporty,300,300,
7/27/2025,1,Shell 800ml,315,315,
7/27/2025,1,AT Fully 800ml,260,260,
7/27/2025,1,Brake Shoe Original,350,350,
7/27/2025,1,70/90-14 Tubeless,950,950,
7/27/2025,1,Shell 1L,355,355,
7/27/2025,1,275-17 LEO Tire,670,670,
7/27/2025,1,275-17 LEO Tube,180,180,
7/27/2025,2,Wire,40,80,
7/27/2025,2,E Tape,30,60,
7/27/2025,22,Cable Tie,5,110,
7/27/2025,2,Fuse,10,20,
7/27/2025,1,Pulley Ball Genuine Sporty,300,300,
7/27/2025,1,Pulley Ball Genuine Sporty,300,300,
7/27/2025,1,Clutch Spring Set,120,120,
7/27/2025,1,Ball Race,180,180,
7/27/2025,2,Horn,70,140,
7/27/2025,1,Clutch Spring Set,120,120,
7/27/2025,1,Brake Shoe Original,350,350,
7/27/2025,1,275-17 LEO Tube,180,180,
7/27/2025,4,Bearing 6201,55,220,
7/27/2025,1,Disk Pad,250,250,
7/27/2025,3,Clip Nut,10,30,
7/27/2025,4,E Tape,30,120,
7/27/2025,1,Horn,70,70,
7/27/2025,1,Brake Lights,30,30,
7/27/2025,3,Horn,70,210,
7/27/2025,4,Plate Bolt,10,40,
7/27/2025,1,275-17 LEO Tube,180,180,
7/27/2025,3,Joint,55,165,
7/27/2025,4,Joint,55,220,
7/27/2025,1,Disk Pad,250,250,
7/27/2025,4,Peanut Bulb,10,40,
7/27/2025,1,Gear Oil,65,65,
7/27/2025,1,Engine Oil Scooter,130,130,
7/27/2025,1,Brake Shoe,220,220,
7/27/2025,1,Disk Pad,250,250,
7/27/2025,1,Disk Pad,250,250,
7/27/2025,1,Brake Lights,30,30,
7/27/2025,1,Clutch Spring Set,120,120,
7/27/2025,3,Bearing 6203,60,180,
7/27/2025,1,Pulley Ball Genuine Sporty,300,300,
7/27/2025,1,Castrol Gold 1L,350,350,
7/27/2025,1,Cable Tie,5,5,
7/27/2025,1,Plate Bolt,10,10,
7/27/2025,3,E Tape,30,90,
7/27/2025,1,Engine Oil Scooter,130,130,
7/27/2025,3,Wire,40,120,
7/27/2025,2,Peanut Bulb,10,20,
7/27/2025,1,Bearing 6003 Original,250,250,
7/27/2025,1,70/90-14 Tubeless,950,950,
7/27/2025,1,Ball Race,180,180,
7/27/2025,3,Peanut Bulb,10,30,
7/27/2025,2,E Tape,30,60,
7/27/2025,2,Horn,70,140,
7/27/2025,1,Washer,2,2,
7/27/2025,1,Bearing 6203,60,60,
7/27/2025,1,AT Fully 800ml,260,260,
7/27/2025,1,Horn,70,70,
7/28/2025,6,FUSE,10,60,
7/28/2025,1,ANTI-RUST,130,130,
7/28/2025,1,HANDLE GRIP,250,250,
7/28/2025,2,6201 BEARING,80,160,
7/28/2025,1,Bulb Socket,100,100,
7/28/2025,1,OIL FILTER,50,50,
7/28/2025,1,RUG,10,10,
7/28/2025,1,SHELL GEAR OIL,85,85,
7/28/2025,1,OIL FILTER,50,50,
7/28/2025,1,ELECTRICAL TAPE,30,30,
7/28/2025,1,COOLANT 1L,200,200,
7/28/2025,3,WIRE,20,60,
7/28/2025,1,BRAKE LOCK,50,50,
7/28/2025,1,MULTI 1L,230,230,
7/28/2025,1,T-CABLE,150,150,
7/28/2025,2,12MM SCREW,10,20,
7/28/2025,1,LUBRICANT,180,180,
7/28/2025,1,17MM SOCKET,65,65,
7/28/2025,1,12MM WRENCH,50,50,
7/28/2025,1,YAMAHA GEAR OIL,80,80,
7/28/2025,1,SPARK PLUG,150,150,
7/28/2025,1,BRAKE SHOE,160,160,
7/28/2025,1,6202 BEARING,80,80,
7/28/2025,1,BRAKE LEVER,85,85,
7/28/2025,1,BULB 12V,25,25,
7/28/2025,1,SIGNAL BULB,15,15,
7/28/2025,1,FUEL FILTER,60,60,
7/28/2025,1,SIDE MIRROR,160,160,
7/28/2025,1,CHAIN LUBE,180,180,
7/28/2025,1,BRAKE PAD,120,120,
7/28/2025,1,TUBE 17,260,260,
7/28/2025,1,CLUTCH CABLE,120,120,
7/28/2025,1,OIL SEAL,40,40,
7/28/2025,1,FAN BELT,230,230,
7/28/2025,1,SPRING,25,25,
7/28/2025,1,6203 BEARING,85,85,
7/28/2025,1,SWITCH,70,70,
7/28/2025,1,HEADLIGHT BULB,100,100,
7/28/2025,1,DISC PAD,180,180,
7/28/2025,1,SHOCK BOOT,75,75,
7/28/2025,1,AIR FILTER,150,150,
7/28/2025,1,VOLTAGE REGULATOR,350,350,
7/28/2025,1,STARTER RELAY,250,250,
7/28/2025,1,LED BULB,120,120,
7/29/2025,2,ARM BOLT ,40,80,
7/29/2025,1,275-17 TUBE,180,180,
7/29/2025,1,HIRC CLUTCH BELL,1600,1600,
7/29/2025,1,FUEL FILTER,30,30,
7/29/2025,1,5L THAIWORKZ BATTERY ,570,570,
7/29/2025,1,SIDE MIRROR,250,250,
7/29/2025,1,HANDLE GRIP,230,230,
7/29/2025,1,AT Fully 800ml,260,260,
7/29/2025,1,GEAR OIL (FULLY),95,95,
7/29/2025,1,BRAKE PAD,120,120,
7/29/2025,1,CHAIN,300,300,
7/29/2025,1,FLANGE BOLT HUB,150,150,
7/29/2025,1,BULB,30,30,
7/29/2025,2,CVT ,220,440,
7/29/2025,1,MUSHROOM,230,230,
7/29/2025,1,BRAKE PAD,150,150,
7/29/2025,1,HI-TEMP GREASE,30,30,
7/29/2025,1,FUSE BOX,80,80,
7/29/2025,1,BRAKE LIGHTs,30,30,
7/29/2025,1,AIR FILTER,50,50,
7/29/2025,1,AXLE ,100,100,
7/29/2025,1,GEAR OIL MULTI PURPOSE,70,70,
7/29/2025,1,TENSIONER,650,650,
7/30/2025,2,CABLE TIE,5,10,
7/30/2025,2,FULLY 800ML,280,280,
7/30/2025,1,rubber dumper,100,100,
7/30/2025,1,BEARING 6201,80,80,
7/30/2025,1,MULTI 1L,230,230,
7/30/2025,1,OIL FILTER,50,50,
7/30/2025,1,AT FULLY 800ml,260,260,
7/30/2025,1,GEAR OIL FULLY,95,95,
7/30/2025,1,SHELL 1L,355,355,
7/30/2025,1,OIL FILTER,50,50,
7/30/2025,1,OIL SEAL,100,100,
7/30/2025,1,BORE KIT m3 MUTARU,1740,1740,
7/30/2025,1,AT FULLY 800ML,260,260,
7/30/2025,1,SPARK PLUG,80,80,
7/30/2025,1,SPARK PLUG CUP,80,80,
7/30/2025,1,VALVE SEAL,140,140,
7/30/2025,1,RELAY SET,140,140,
7/30/2025,1,CASTROL GOLD 1L,360,360,
7/30/2025,1,GASKET ALL,100,100,
7/30/2025,1,ORING,100,100,
7/30/2025,1,BOLT,28,28,
7/30/2025,1,SPARK PLUG,80,80,
7/30/2025,2,DECORATE BULB,30,60,
7/30/2025,3,NUT,5,15,
7/30/2025,1,275-27 TUBE,180,180,
7/30/2025,1,SAE 40 200ML,55,55,
7/30/2025,1,BRAKE FLUID,70,70,
7/30/2025,1,BRAKE PAD,150,150,
7/30/2025,1,REPAIR KIT,130,130,
7/30/2025,1,ALLEN BOLT 6X25,35,35,
7/30/2025,2,ALLEN BOLT 10X25,40,80,
7/30/2025,2,WASHER,5,10,
7/30/2025,6,CABLE TIE,5,30,
7/30/2025,1,IGNITION COIL SWITCH XRM 110,260,260,
7/30/2025,2,BRAKE FLUID,70,140,
7/30/2025,1,RUG,10,10,
7/30/2025,1,MARKER KIT,120,120,
7/30/2025,1,CASTROL WHITE 800ML,240,240,
7/30/2025,1,SPROCKET,300,300,
7/30/2025,1,FULLY 800ml,255,255,
7/30/2025,1,SEALANT,120,120,
7/30/2025,1,H. TEMP,30,30,
7/30/2025,1,GEAR OIL SHELL,85,85,
7/30/2025,1,GASKET ALL,100,100,
7/30/2025,1,BRAKE SHOE,200,200,
7/31/2025,2,BOLT 6X25,15,30,
7/31/2025,2,NUT,3,6,
7/31/2025,1,sealant,100,100,
7/31/2025,1,SHELL 1L ,355,355,
7/31/2025,1,AT FULLY 800ML,260,260,
7/31/2025,2,REPAIR KIT,120,240,
7/31/2025,1,SIDE MIRROR,250,250,
7/31/2025,1,SAE 40 1L,200,200,
7/31/2025,2,BULB,20,40,
7/31/2025,1,rubber dumper,150,150,
7/31/2025,1,MULTI 1L,230,230,
7/31/2025,2,OIL SEAL ORIGINAL,145,290,
7/31/2025,1,FORK OIL ,80,80,
7/31/2025,1,SAND PAPER,30,30,
7/31/2025,1,bolt,9,9,
7/31/2025,1,ELECTRICAL TAPE,30,30,
7/31/2025,1,SEAT COVER,200,200,
7/31/2025,1,HORN,150,150,
7/31/2025,1,GEAR OIL MULTI PURPOSE,65,65,
7/31/2025,1,REGULATOR ORIGINAL SNIPER,1300,1300,
7/31/2025,2,FUSE,10,20,
7/31/2025,1,SIDE MIRROR,250,250,
7/31/2025,1.5,WIRE,40,60,
7/31/2025,4,DECORATED LIGHT BULB  ,30,120,
7/31/2025,3,SINKABLE WIRE,5,15,
7/31/2025,1,FUSE BOX,80,80,
7/31/2025,1,SIGNAL LIGHT,120,120,
7/31/2025,1,100/80-14 TUBELESS WITH SEALANT,1200,1200,